{
  "epoch_utc": "2021-10-22T03:44:10.752",
  "state_km": [
    266794912.16110635,
    452138742.7171925,
    147856703.81647298,
    -4.077322360797541,
    15.183119330349014,
    11.396768542065574
  ],
  "cov_km2": [
    [
      221070076.300635,
      248167.74455931806,
      77340.93569875008,
      -56.753243811290304,
      -41.21085971017537,
      -16.869761429827697
    ],
    [
      248167.74455931815,
      221687039.82119927,
      218033.65209071108,
      27.411497452415354,
      11.191331388625777,
      16.351915131997135
    ],
    [
      77340.93569875046,
      218033.65209070998,
      221047992.6129372,
      -3.0709148895474683,
      -4.546980045301055,
      -30.38835951207959
    ],
    [
      -56.75324381126954,
      27.411497452393494,
      -3.070914889535355,
      0.5953601415783983,
      0.8672356175217205,
      0.3556431897678781
    ],
    [
      -41.210859710150324,
      11.191331388610203,
      -4.5469800452878415,
      0.8672356175217203,
      1.26388152572859,
      0.5182220625418582
    ],
    [
      -16.869761429807987,
      16.351915131986072,
      -30.3883595120723,
      0.3556431897678781,
      0.5182220625418583,
      0.2127143852358085
    ]
  ],
  "fit": {
    "n_obs": 10,
    "rms_arcsec": 287.7862193959255,
    "seed_rms_arcsec": 355.97220790386757,
    "chi2": 6625672.645935981,
    "converged": false,
    "perturbers": [
      "earth",
      "mars",
      "jupiter"
    ],
    "error": null,
    "site_kappas": {
      "B50": 46.18975999999999,
      "D29": 5.115156930426117,
      "Z22": 46.18975999999999
    }
  },
  "fit_scale": 14.894358371141639,
  "nu": 4.0,
  "site_kappas": {
    "B50": 46.18975999999999,
    "D29": 5.115156930426117,
    "Z22": 46.18975999999999
  }
}