{
  "ess": 2000.026606995293,
  "max_weight": 0.000499996651736891,
  "rho_weighted_median": 3.8648264100809855,
  "rho_unweighted_median": 3.8648264100809855,
  "n_samples": 2499,
  "n_finite": 2499
}