{
  "n": 200,
  "ess": 2.1780165851318376,
  "elliptic_mass": 0.9999999999999999,
  "hyperbolic_mass": 0.0,
  "attempted": 200,
  "prop_fail": 0
}