{
  "ess": 2000.0,
  "max_weight": 0.0005,
  "rho_weighted_median": 2.39862887423799,
  "rho_unweighted_median": 2.393475726481151,
  "n_samples": 2499,
  "n_finite": 2499
}