{
  "epoch_utc": "2018-04-03T14:53:30.336",
  "n": 2000,
  "seed": 0,
  "posterior": "None",
  "perturbers": [
    "earth",
    "mars",
    "jupiter"
  ],
  "method": "multit",
  "nu": 4.0,
  "fit_scale": 1.0,
  "ranged": false,
  "obs": "runs/ceres/obs.csv",
  "n_proposals": 50000,
  "rho_min_au": 0.0001,
  "rho_max_au": 5.0,
  "rhodot_max_kms": 50.0,
  "rho_prior": "log",
  "rho_prior_power": 2.0,
  "scoring_mode": "nbody",
  "chunk_size": null,
  "top_k_nbody": 2000,
  "n_workers": 32,
  "log_every": 500,
  "mix_posterior_frac": 0.0,
  "mix_oversample": 1.0,
  "mix_likelihood": "studentt",
  "range_jitter_n": 0,
  "range_jitter_rho_min_au": 1.8,
  "range_jitter_rho_max_au": 4.5,
  "range_jitter_rhodot_max_kms": 20.0,
  "range_jitter_reweight": false,
  "range_jitter_likelihood": "studentt",
  "fit_smc": true,
  "fit_smc_meta": {
    "n_particles": 2000,
    "rho_min_au": 0.0001,
    "rho_max_au": 5.0,
    "rhodot_max_km_s": 50.0,
    "v_max_km_s": 50.0,
    "ess_threshold": 0.3,
    "rejuvenation_scale": 0.05,
    "full_physics_final": true,
    "mu_h": 20.0,
    "sigma_h": 0.3,
    "g": 0.15,
    "epsilon_ast_arcsec": 0.1,
    "epsilon_ast_scale": 0.0,
    "epsilon_ast_floor_arcsec": 0.01,
    "epsilon_ast_ceiling_arcsec": null,
    "auto_grow": true,
    "auto_grow_diag": {
      "iterations": [
        {
          "n": 2000,
          "ess": 1999.9999999963527,
          "psis_khat": -0.21275175998273488,
          "logrho_counts": [
            0,
            0,
            0,
            0,
            0,
            0,
            0,
            2000
          ],
          "logrho_mass": [
            0.0,
            0.0,
            0.0,
            0.0,
            0.0,
            0.0,
            0.0,
            1.0
          ],
          "mode_weights": [
            0.10000023251408408,
            0.22899982230778443,
            0.26950003508165354,
            0.225500257005319,
            0.031999899259941164,
            0.1439997538312179
          ],
          "mode_counts": [
            200,
            458,
            539,
            451,
            64,
            288
          ]
        }
      ],
      "final_n": 2000,
      "final_ess": 1999.9999999963527,
      "final_psis_khat": -0.21275175998273488,
      "logrho_edges": [
        -4.0,
        -3.4126287494579977,
        -2.8252574989159953,
        -2.237886248373993,
        -1.6505149978319906,
        -1.0631437472899883,
        -0.47577249674798594,
        0.1115987537940164,
        0.6989700043360189
      ]
    }
  },
  "fit_smc_diag": "/home/chixson/programming/agents/agent-2/neotube/runs/ceres/replicas_smc_diag.npz",
  "fit_smc_auto_grow": true,
  "fit_smc_n_max": 50000,
  "fit_smc_n_add": 3000,
  "fit_smc_ess_target": 500.0,
  "fit_smc_psis_khat": 0.7,
  "fit_smc_logrho_bins": 8,
  "fit_smc_min_per_decade": 20,
  "fit_smc_workers": 50,
  "fit_smc_chunk_size": 512
}