{
  "rms_dec_arcsec": 70.58646850854333,
  "rms_ra_arcsec": 16.164040597597527,
  "rms_total_arcsec": 72.41357431413229
}