{
  "ess": 4.208236190645406,
  "max_weight": 0.3824841162448323,
  "rho_weighted_median": 2.025420487933427,
  "rho_unweighted_median": 2.025420413158317,
  "n_samples": 500,
  "n_finite": 500
}