{
  "ess": 1.0,
  "max_weight": 1.0,
  "rho_weighted_median": 1.966275697952921,
  "rho_unweighted_median": 2.054302684846042,
  "n_samples": 500,
  "n_finite": 500
}