{
  "ess": 2000.000000199448,
  "max_weight": 0.000499999999975069,
  "rho_weighted_median": 2.0684077965333993,
  "rho_unweighted_median": 2.0684077965333993,
  "n_samples": 2499,
  "n_finite": 2499
}