{
  "n_obs": 10,
  "rms_arcsec": 54.60459882009869,
  "seed_rms_arcsec": 355.97841269313676,
  "chi2": 238532.97698431386,
  "converged": false,
  "perturbers": [
    "earth",
    "mars",
    "jupiter"
  ],
  "error": null,
  "site_kappas": {
    "Z22": 10.0,
    "B50": 10.0,
    "D29": 5.271378444864529
  }
}