{
  "epoch_utc": "2021-10-22T03:44:05.552",
  "state_km": [
    266814763.35758954,
    452128980.2094353,
    147866448.78562102,
    -14.058971597950428,
    0.6713966279168049,
    5.440918752191697
  ],
  "cov_km2": [
    [
      158944064.7296295,
      3651197.759696357,
      1240995.0974841113,
      -264.22821289301766,
      -354.33393104685047,
      -145.30916018209453
    ],
    [
      3651197.759696359,
      168097324.89591926,
      3292418.920864593,
      111.80981400043501,
      141.16257690983028,
      66.50835700609977
    ],
    [
      1240995.0974841104,
      3292418.920864593,
      158326341.84614596,
      -51.82608003110343,
      -75.53537142974064,
      -51.486270354306804
    ],
    [
      -264.2282128930112,
      111.80981400042917,
      -51.82608003109998,
      0.1868434400355757,
      0.2713300485077796,
      0.11132010832937324
    ],
    [
      -354.33393104685206,
      141.1625769098319,
      -75.53537142973877,
      0.27133004850777953,
      0.3943144801102991,
      0.16173871665554815
    ],
    [
      -145.30916018209223,
      66.50835700609748,
      -51.48627035430466,
      0.11132010832937324,
      0.16173871665554815,
      0.06645234356643527
    ]
  ],
  "fit": {
    "n_obs": 10,
    "rms_arcsec": 54.60459882009869,
    "seed_rms_arcsec": 355.97841269313676,
    "chi2": 238532.97698431386,
    "converged": false,
    "perturbers": [
      "earth",
      "mars",
      "jupiter"
    ],
    "error": null,
    "site_kappas": {
      "Z22": 10.0,
      "B50": 10.0,
      "D29": 5.271378444864529
    }
  },
  "fit_scale": 13.053742770568384,
  "nu": 4.0,
  "site_kappas": {
    "Z22": 10.0,
    "B50": 10.0,
    "D29": 5.271378444864529
  }
}