{
  "ess": 1.2783439185347318,
  "max_weight": 0.8838129280688956,
  "rho_weighted_median": 2.0254208088475183,
  "rho_unweighted_median": 2.0254204108782017,
  "n_samples": 500,
  "n_finite": 500
}