{
  "n": 500,
  "ess": 1.2783439185347318,
  "elliptic_mass": 1.0000000000000002,
  "hyperbolic_mass": 0.0,
  "attempted": 500,
  "prop_fail": 0
}