{
  "ess": 2000.0,
  "max_weight": 0.0005,
  "rho_weighted_median": 3.038791833669972,
  "rho_unweighted_median": 3.038791833669972,
  "n_samples": 2499,
  "n_finite": 2499
}