{
  "n_obs": 10,
  "rms_arcsec": 54.603170628195606,
  "seed_rms_arcsec": 355.97220790386757,
  "chi2": 238520.49941214747,
  "converged": false,
  "perturbers": [
    "earth",
    "mars",
    "jupiter"
  ],
  "error": null,
  "site_kappas": {
    "Z22": 10.0,
    "B50": 10.0,
    "D29": 5.271365626486562
  }
}