{
  "epoch_utc": "2021-10-22T03:44:10.752",
  "state_km": [
    266814601.5244071,
    452128841.3882497,
    147866422.33064452,
    -14.058828804994048,
    0.6716055384307136,
    5.441004130014819
  ],
  "cov_km2": [
    [
      158935731.4716163,
      3651014.028411017,
      1240930.852308081,
      -264.2138634976413,
      -354.3146381235723,
      -145.30124597166503
    ],
    [
      3651014.028411031,
      168088528.8328153,
      3292251.3412090787,
      111.80380595460505,
      141.15495977581526,
      66.50478645728303
    ],
    [
      1240930.8523080784,
      3292251.341209078,
      158318045.24733803,
      -51.82325780437869,
      -75.53126440743027,
      -51.483523305468076
    ],
    [
      -264.2138634976296,
      111.80380595460362,
      -51.82325780437824,
      0.18683570475624742,
      0.2713188344672538,
      0.1113155059444151
    ],
    [
      -354.31463812355645,
      141.15495977581315,
      -75.53126440743102,
      0.2713188344672537,
      0.39429820906785484,
      0.16173204063432783
    ],
    [
      -145.30124597165985,
      66.50478645728595,
      -51.483523305467074,
      0.11131550594441512,
      0.16173204063432786,
      0.06644959919040967
    ]
  ],
  "fit": {
    "n_obs": 10,
    "rms_arcsec": 54.603170628195606,
    "seed_rms_arcsec": 355.97220790386757,
    "chi2": 238520.49941214747,
    "converged": false,
    "perturbers": [
      "earth",
      "mars",
      "jupiter"
    ],
    "error": null,
    "site_kappas": {
      "Z22": 10.0,
      "B50": 10.0,
      "D29": 5.271365626486562
    }
  },
  "fit_scale": 13.053401392835664,
  "nu": 4.0,
  "site_kappas": {
    "Z22": 10.0,
    "B50": 10.0,
    "D29": 5.271365626486562
  }
}