{
  "n_obs": 9,
  "rms_arcsec": 79.32339954493618,
  "seed_rms_arcsec": 176.96345755086043,
  "chi2": 453038.52350632194,
  "converged": false,
  "perturbers": [
    "earth",
    "mars",
    "jupiter"
  ],
  "error": null,
  "site_kappas": {
    "Z22": 10.0,
    "D29": 10.0
  }
}