{
  "epoch_utc": "2021-10-22T03:41:28.320",
  "state_km": [
    267176084.48295817,
    452462876.15002835,
    148061552.2129977,
    -8.376822247128,
    8.956253304967014,
    8.83237714155862
  ],
  "cov_km2": [
    [
      354097480.1979166,
      7536585.064510334,
      2378867.246132599,
      311.05947140087807,
      516.9500247350418,
      212.14457523219167
    ],
    [
      7536585.064510337,
      372817713.23089534,
      6640988.814406505,
      -124.87728030616759,
      -228.32312977596408,
      -74.98421592417402
    ],
    [
      2378867.2461326015,
      6640988.814406502,
      353344889.1614792,
      81.93716432764764,
      118.70514363255286,
      4.4625534233774395
    ],
    [
      311.05947140088307,
      -124.87728030617576,
      81.93716432763763,
      0.8895461189845373,
      1.2942526865260935,
      0.5306925772077151
    ],
    [
      516.9500247350508,
      -228.3231297759688,
      118.7051436325406,
      1.2942526865260933,
      1.8863789730367135,
      0.773053592019263
    ],
    [
      212.14457523219275,
      -74.98421592417752,
      4.462553423373084,
      0.5306925772077151,
      0.7730535920192629,
      0.31803828511298
    ]
  ],
  "fit": {
    "n_obs": 9,
    "rms_arcsec": 79.32339954493618,
    "seed_rms_arcsec": 176.96345755086043,
    "chi2": 453038.52350632194,
    "converged": false,
    "perturbers": [
      "earth",
      "mars",
      "jupiter"
    ],
    "error": null,
    "site_kappas": {
      "Z22": 10.0,
      "D29": 10.0
    }
  },
  "fit_scale": 19.4301853548013,
  "nu": 4.0,
  "site_kappas": {
    "Z22": 10.0,
    "D29": 10.0
  }
}