{
  "epoch_utc": "2018-04-04T00:19:00.480",
  "state_km": [
    -267312368.65354052,
    106540504.55430834,
    96560436.73669846,
    2.665142156930181,
    -27.913164871927542,
    -14.343130804042358
  ],
  "cov_km2": [
    [
      723225.9421300885,
      -726528.0080353648,
      -581965.251059376,
      1.0894159793888805,
      0.534587762287172,
      0.34795846945862186
    ],
    [
      -726528.0080353647,
      918113.3878643789,
      665231.2599896434,
      0.5793572055958245,
      0.8316377423614476,
      -0.4669947820426127
    ],
    [
      -581965.2510593762,
      665231.2599896436,
      603755.4938176792,
      0.39638185321775365,
      -0.48169075087184904,
      0.9192032710621848
    ],
    [
      1.0894159793889688,
      0.5793572055957367,
      0.39638185321766567,
      0.0067542354410254175,
      -0.007530623465862775,
      -0.005989976882839399
    ],
    [
      0.5345877622870776,
      0.8316377423615408,
      -0.48169075087175806,
      -0.007530623465862775,
      0.008793062976666469,
      0.006855460573447042
    ],
    [
      0.34795846945854,
      -0.46699478204253364,
      0.9192032710622717,
      -0.005989976882839396,
      0.0068554605734470414,
      0.005608498368641569
    ]
  ],
  "fit": {
    "n_obs": 10,
    "rms_arcsec": 0.6791114690103207,
    "seed_rms_arcsec": 7.345658112873709,
    "chi2": 36.89539098730847,
    "converged": false,
    "perturbers": [
      "earth",
      "mars",
      "jupiter"
    ],
    "error": null,
    "site_kappas": {
      "C51": 1.1250398981116816
    }
  },
  "fit_scale": 1.4429594151294123,
  "nu": 4.0,
  "site_kappas": {
    "C51": 1.1250398981116816
  }
}