{
  "n": 500,
  "ess": 15.060670145625105,
  "elliptic_mass": 0.9999999999999998,
  "hyperbolic_mass": 0.0,
  "attempted": 500,
  "prop_fail": 0
}