{
  "ess": 1.0000039528608597,
  "max_weight": 0.9999980235734812,
  "rho_weighted_median": 2.0275599482563345,
  "rho_unweighted_median": 2.047331346336417,
  "n_samples": 500,
  "n_finite": 500
}